,portfolio_return,benchmark_return,regime,portfolio_growth,benchmark_growth
2014-02-28,0.046884354356935644,0.04551602970685842,Growth,1.0468843543569357,1.0455160297068584
2014-03-31,0.004340868319823332,0.008295491628732776,Growth,1.0514287414852825,1.0541890991789975
2014-04-30,0.002898913972771733,0.006951401131660928,Growth,1.054476742955348,1.061517190476015
2014-05-31,0.024371025793989403,0.02320637011353277,Growth,1.0801754228570748,1.0861511512800788
2014-06-30,0.019868346338164585,0.020644776203780024,Growth,1.1016367222643726,1.108574498721734
2014-07-31,-0.013334764174304714,-0.013437276522775043,Growth,1.0869466563672232,1.0936782766363133
2014-08-31,0.04049761470735017,0.03946325975160514,Growth,1.1309654032642256,1.1368383865519
2014-09-30,-0.01324187692016543,-0.01379610957645283,Growth,1.1159892985932354,1.1211544396003121
2014-10-31,0.027670094074139784,0.02355056307063519,Growth,1.1468688274710432,1.147558257942042
2014-11-30,0.03354998997646564,0.027471809595292607,Growth,1.1853462651370177,1.1790837599037314
2014-12-31,-0.0010817488089510225,-0.002536429517997263,Growth,1.1840640182265112,1.1760930970509202
2015-01-31,-0.025663024807790973,-0.029629139587930897,Mixed,1.1536773539527516,1.1412464705099965
2015-02-28,0.046071953219744846,0.056204621182660786,Mixed,1.206829523034742,1.2053897960610596
2015-03-31,-0.013511692546849785,-0.01570577189319544,Mixed,1.190523213563035,1.1864582188817392
2015-04-30,0.007528687381536532,0.009834259499924114,Mixed,1.1994862906584134,1.19812615689204
2015-05-31,0.010573858656950085,0.012856265302361392,Mixed,1.212169489156785,1.2135295846307428
2015-06-30,-0.02217825606881227,-0.020312427843800163,Mixed,1.1852856838274644,1.188879852506614
2015-07-31,0.023257602475063956,0.022589182849859002,Mixed,1.2128525870813078,1.2157356768813994
2015-08-31,-0.05914734960130728,-0.06094977307798655,Mixed,1.1411155710983598,1.1416368632526657
2015-09-30,-0.022611361839410336,-0.02551622144487664,Mixed,1.1153133940196693,1.1125066042402763
2015-10-31,0.07686049985776586,0.08505943401451166,Mixed,1.2010369389820823,1.2071357863343604
2015-11-30,0.0015735108806657072,0.003655172594001055,Mixed,1.2029267836736521,1.2115480759778077
2015-12-31,-0.016265842372770747,-0.017282546013587696,Mixed,1.1833601662244324,1.1906094406070475
2016-01-31,-0.04007550659851821,-0.04978642787069265,Inflationary,1.1359364080744816,1.131333249570099
2016-02-29,-0.00584301062810913,-0.0008258335914643755,Inflationary,1.1292991195692463,1.1303989565694634
2016-03-31,0.07710430993962669,0.0672661931731775,Inflationary,1.2163729488990611,1.2064365911448232
2016-04-30,0.03144109147655346,0.003940967410761775,Inflationary,1.2546170420550016,1.2111911184336754
2016-05-31,0.006117977649815415,0.01701132682151063,Inflationary,1.2622927610773718,1.2317950863926617
2016-06-30,0.014948890586761488,0.0034759011612199853,Inflationary,1.2811626374511784,1.2360766843638389
2016-07-31,0.015348899341619118,0.036471424336597336,Inflationary,1.3008270738136598,1.2811581616318468
2016-08-31,0.0063279032893380155,0.0011975367771488443,Inflationary,1.3090585817329052,1.2826923956477454
2016-09-30,0.005218534393792168,5.819861038092178e-05,Inflationary,1.3158899489651674,1.2827670465627183
2016-10-31,-0.011656106288709916,-0.01733717673168067,Inflationary,1.3005517958557844,1.2605274875708845
2016-11-30,0.06099004603254831,0.03683848126521472,Inflationary,1.379872509752742,1.3069634058060526
2016-12-31,0.022567244587455827,0.020271922708472667,Inflationary,1.4110124301798388,1.3334580669513552
2017-01-31,0.0016627428329368918,0.017894437132055074,Inflationary,1.4133585809853053,1.3573195484986478
2017-02-28,0.02655006857519601,0.039291668428951265,Inflationary,1.4508833482318069,1.4106508981503905
2017-03-31,-0.010136793380204068,0.0012499432606258853,Inflationary,1.4361760435120023,1.4124141317336294
2017-04-30,-0.002746682273982781,0.009926095288460113,Inflationary,1.4322313242309692,1.426433888991985
2017-05-31,-0.0006292968380106852,0.014113138621568044,Inflationary,1.4313300255873307,1.4465653482018312
2017-06-30,0.010004177172695871,0.006374966937872317,Inflationary,1.4456493047559058,1.4557871544700898
2017-07-31,0.018422569959357638,0.020553742383032425,Inflationary,1.4722818802094682,1.4857090286075958
2017-08-31,-0.015623809090538383,0.002917734865661492,Inflationary,1.4492792291856165,1.4900439336405922
2017-09-30,0.044894475480668196,0.020149578268989554,Inflationary,1.5143438600049317,1.5200676905057164
2017-10-31,0.010537075806113322,0.023564000521536954,Inflationary,1.530300616054326,1.5558865663575647
2017-11-30,0.03137851345808612,0.03056601947731097,Inflationary,1.5783191745301042,1.6034438254493366
2017-12-31,0.02016883377997055,0.012127866756282524,Inflationary,1.6101520316129423,1.62289017851557
2018-01-31,0.04185288924909096,0.05635915510796985,Inflationary,1.6775415462662377,1.7143548978097298
2018-02-28,-0.059843269632172534,-0.036360546424748286,Inflationary,1.5771519751938556,1.6520200169594246
2018-03-31,-0.008802017171170063,-0.027410387624182686,Inflationary,1.5632698564266545,1.606737507931658
2018-04-30,0.023077153968088113,0.00516838053876123,Inflationary,1.5993456755970834,1.6150417387985496
2018-05-31,0.013430579376198846,0.024308819009623228,Inflationary,1.6208258146431704,1.6543014961199907
2018-06-30,0.00301662071628448,0.005751256168665453,Inflationary,1.6257152313731118,1.6638158078043832
2018-07-31,0.0367468606369164,0.037045977729138535,Inflationary,1.6854551624156917,1.7254534911656931
2018-08-31,0.0023414045943836344,0.03192019634047982,Inflationary,1.6894014948765996,1.7805303053800685
2018-09-30,0.008244673922816364,0.00594572927657544,Inflationary,1.7033300593265757,1.7911168565445965
2018-10-31,-0.06817707000888731,-0.06910469360023797,Inflationary,1.5872020066236256,1.6673422749708608
2018-11-30,0.02505396832248917,0.018549457484633658,Mixed,1.626967715418965,1.6982705696127651
2018-12-31,-0.09258155585807847,-0.08804832746321367,Mixed,1.4763405129946137,1.548740686378362
2019-01-31,0.07780611197915324,0.08006525742207793,Mixed,1.5912088282680332,1.6727410081132912
2019-02-28,0.0343993715062505,0.03241594508279455,Mixed,1.645945411895651,1.72696448877003
2019-03-31,0.014710412600031036,0.01810070923997964,Mixed,1.6701579480217639,1.7582237708490263
2019-04-30,0.03413937001277283,0.04085226767143757,Mixed,1.727176088189052,1.830051198962035
2019-05-31,-0.06167370771119867,-0.06377122906796462,Mixed,1.620654734960309,1.7133465847469238
2019-06-30,0.07077656436283579,0.069586453412249,Mixed,1.735359109119162,1.8325722970454517
2019-07-31,0.009023961129045787,0.015119559532369209,Mixed,1.7510189222647887,1.860279982988001
2019-08-31,-0.016235164458419667,-0.016743342932985628,Mixed,1.722590842092015,1.8291326772814642
2019-09-30,0.024739743544122086,0.019457643899479793,Mixed,1.765207297756825,1.8647232895609092
2019-10-31,0.018535472492032072,0.022104889118638393,Growth,1.797926249067131,1.9059427911135958
2019-11-30,0.035944255574218584,0.036197893365023326,Growth,1.8625513696671963,1.9749339050261607
2019-12-31,0.02928002961111876,0.029055656814811925,Growth,1.9170869289232817,2.0323169068025373
2020-01-31,0.0005286869490632448,-0.0004035338389508647,Growth,1.9181004677628233,2.0314967981591705
2020-02-29,-0.08838724848537856,-0.07916586315487761,Growth,1.7485648450987497,1.8706716006365296
2020-03-31,-0.13960097181192255,-0.1248712611784416,Growth,1.5044634934468004,1.6370784786143522
2020-04-30,0.13263533931311358,0.12698319418564252,Growth,1.704008519384309,1.8449599329613746
2020-05-31,0.050366821770684966,0.04764552300770708,Growth,1.7898340127758674,1.9328640138955835
2020-06-30,0.02025658730904232,0.017734096691004675,Growth,1.8260899417243555,1.9671416112085711
2020-07-31,0.051557863259109396,0.05889224621093314,Growth,1.9202392372386148,2.082990999307638
2020-08-31,0.0710128871171806,0.0697969107563039,Growth,2.0566009694306215,2.2283773361924974
2020-09-30,-0.03300164908213858,-0.03744351218687292,Growth,1.9887297459354862,2.1449390622478224
2020-10-31,-0.0260229373587405,-0.02493356004810887,Growth,1.9369771563335432,2.091458095339732
2020-11-30,0.12381129379265177,0.10877670620974889,Growth,2.176796804106011,2.318960018126503
2020-12-31,0.03685274581976403,0.037048482921113735,Growth,2.2570177434290044,2.4048739687528085
2021-01-31,-0.00932003454501958,-0.010190621092486252,Growth,2.235982260091524,2.380366809362065
2021-02-28,0.03555342402968606,0.027805632223377286,Growth,2.3154790855074134,2.4465544134199204
2021-03-31,0.05080818879354148,0.04539941948565063,Growth,2.4331243840313705,2.5576265635292414
2021-04-30,0.048209008902192305,0.05291024779839382,Growth,2.55042289912128,2.692951218781328
2021-05-31,0.00716887443839454,0.006566172964715289,Growth,2.5687065606498867,2.710633602269387
2021-06-30,0.019190728944576508,0.022427276881196834,Growth,2.618001911993474,2.7714257325909584
2021-07-31,-0.013803625572631038,0.02441274941812721,Inflationary,2.581863993851884,2.8390838545316512
2021-08-31,0.024843900097878922,0.029759566781281332,Growth,2.646007564981451,2.9235737600982437
2021-09-30,-0.036933774451505905,-0.046605399138025305,Growth,2.5482805183794475,2.7873194380994075
2021-10-31,0.08014198670803613,0.07016352386686786,Growth,2.7525047818117607,2.98288759201908
2021-11-30,-0.0065978252447387465,-0.008034881856041731,Growth,2.734344236276059,2.958920442627354
2021-12-31,0.042144242865168144,0.04624772138539757,Growth,2.8495811038466496,3.095763770859541
2022-01-31,-0.043161962992834035,-0.05274109069785193,Growth,2.7265875896973415,2.9324898130415136
2022-02-28,-0.022755445653590986,-0.029517058003522445,Growth,2.664542873980228,2.8459313411352287
2022-03-31,0.050991986675241935,0.03759051271437763,Inflationary,2.8004132087058387,2.9529113593984184
2022-04-30,-0.052291875303488056,-0.08776907829774172,Inflationary,2.6539743503979523,2.6937370510890877
2022-05-31,0.0510402930265887,0.002257224621523557,Inflationary,2.789433978927314,2.6998174206847163
2022-06-30,-0.10258403118433877,-0.08246045181150341,Inflationary,2.5032825966463803,2.477189256366487
2022-07-31,0.05663707609395387,0.09208737072474116,Defensive,2.6450612035573116,2.705307101772853
2022-08-31,-0.024734942141754705,-0.04080209871745044,Defensive,2.579635767725921,2.5949248943452976
2022-09-30,-0.0772696040296372,-0.09244566547010513,Defensive,2.38030833341305,2.3550353356426044
2022-10-31,0.08933660071371545,0.08127548040081822,Defensive,2.5929569885707013,2.546441963907859
2022-11-30,0.05774987730037598,0.05559154192874005,Defensive,2.7426999365058116,2.688002599113546
2022-12-31,-0.04581331054275196,-0.05762831650161171,Mixed,2.6170477725890846,2.5330975345746753
2023-01-31,0.0419016510319363,0.0628874346747148,Mixed,2.7267063950900186,2.6923975403049214
2023-02-28,-0.02838954761185553,-0.02514259846579192,Mixed,2.6492964340630594,2.624703670038749
2023-03-31,0.018383434665231863,0.03707766246133448,Mixed,2.6979996019674894,2.7220215467774715
2023-04-30,0.014759750539401668,0.01597491132323925,Mixed,2.737821403047935,2.765505599607188
2023-05-31,-0.023654795584761804,0.004616283504743857,Mixed,2.67305879741125,2.7782719574889314
2023-06-30,0.06580280392397292,0.06479974011469292,Mixed,2.8489535613345534,2.9583032583021533
2023-07-31,0.031729195395944626,0.03273345433983166,Mixed,2.93934856555611,3.0551387429311623
2023-08-31,-0.02049482987069982,-0.01625199872830252,Mixed,2.879107116774352,3.0054866319662574
2023-09-30,-0.04126900746141593,-0.0474346184787624,Mixed,2.760289223689975,2.862922520235917
2023-10-31,-0.02431164861209424,-0.021708490227539956,Mixed,2.693182042015874,2.8007727946831715
2023-11-30,0.0766786896943523,0.09134375414821427,Mixed,2.8996917121060113,3.0566058962657183
2023-12-31,0.04202208611881417,0.045655387913390744,Mixed,3.0215428069501415,3.196156424158087
2024-01-31,0.0049736609752293074,0.01592627989150497,Mixed,3.0365709364940545,3.2470593059462605
2024-02-29,0.0430131914074097,0.052186977962002556,Mixed,3.1671835434076505,3.4165135183869935
2024-03-31,0.03892265305434391,0.03270185932656733,Mixed,3.290458729627134,3.5282398628526006
2024-04-30,-0.03261740058362276,-0.040319624660948516,Mixed,3.1831325191390074,3.3859825558685874
2024-05-31,0.03268559591781568,0.05057977521949231,Mixed,3.2871751024124434,3.5572447924415425
2024-06-30,0.008368073118142961,0.03528016248410859,Mixed,3.31468242402157,3.6827449667146293
2024-07-31,0.029568743452563502,0.01210905573141674,Mixed,3.4126934182441855,3.727339530761171
2024-08-31,0.028245994223952423,0.02336554840830951,Mixed,3.509088336824031,3.814430863001377
2024-09-30,0.025729130597839923,0.021004661564918203,Growth,3.5993741289215335,3.8945516923414996
2024-10-31,-0.01178100291374381,-0.008923558620233862,Growth,3.556969891821055,3.859798432015359
2024-11-30,0.07391714048150934,0.05963352184722481,Growth,3.819890935003291,4.089971806136831
2024-12-31,-0.03634268647581337,-0.024060285058999265,Growth,3.6810658363806645,3.991565918597909
2025-01-31,0.031978390907134564,0.026856410906426875,Growth,3.7987803986513433,4.098765053067863
2025-02-28,-0.013028378549717296,-0.012694838336049674,Growth,3.749288449590468,4.0467318933417165
2025-03-31,-0.049285097853769826,-0.05571909772666972,Growth,3.564504401470393,3.821251643502978
2025-04-30,-0.009560756963742013,-0.008670229175496758,Growth,3.5304250411917457,3.788120516016564
2025-05-31,0.05932033682272289,0.06284501787581465,Growth,3.739851043762615,4.026185017561365
2025-06-30,0.04238104202771041,0.051386078379676015,Growth,3.898349828025695,4.23307487644485
2025-07-31,0.017627951825855193,0.023031507308652444,Growth,3.9670697509944626,4.330568971399763
2025-08-31,0.02070519007097918,0.02051959125720848,Growth,4.049208684213635,4.4194304766040355
2025-09-30,0.031468853925615596,0.03562036952182912,Growth,4.176632640811488,4.576852223256704
2025-10-31,0.01628843163214398,0.023837458474752493,Growth,4.244663436033926,4.685952748073665
2025-11-30,-1.1653139648346196e-06,0.0019499283249213573,Growth,4.244658489668348,4.6950900200663765
2025-12-31,0.006029882409657272,0.000797497311368911,Growth,4.270253281230201,4.698834341734014
