,cpi,unrate,fedfunds,gs10,gs2
1947-01-01,21.48,,,,
1947-02-01,21.62,,,,
1947-03-01,22.0,,,,
1947-04-01,22.0,,,,
1947-05-01,21.95,,,,
1947-06-01,22.08,,,,
1947-07-01,22.23,,,,
1947-08-01,22.4,,,,
1947-09-01,22.84,,,,
1947-10-01,22.91,,,,
1947-11-01,23.06,,,,
1947-12-01,23.41,,,,
1948-01-01,23.68,3.4,,,
1948-02-01,23.67,3.8,,,
1948-03-01,23.5,4.0,,,
1948-04-01,23.82,3.9,,,
1948-05-01,24.01,3.5,,,
1948-06-01,24.15,3.6,,,
1948-07-01,24.4,3.6,,,
1948-08-01,24.43,3.9,,,
1948-09-01,24.36,3.8,,,
1948-10-01,24.31,3.7,,,
1948-11-01,24.16,3.8,,,
1948-12-01,24.05,4.0,,,
1949-01-01,24.01,4.3,,,
1949-02-01,23.91,4.7,,,
1949-03-01,23.91,5.0,,,
1949-04-01,23.92,5.3,,,
1949-05-01,23.91,6.1,,,
1949-06-01,23.92,6.2,,,
1949-07-01,23.7,6.7,,,
1949-08-01,23.7,6.8,,,
1949-09-01,23.75,6.6,,,
1949-10-01,23.67,7.9,,,
1949-11-01,23.7,6.4,,,
1949-12-01,23.61,6.6,,,
1950-01-01,23.51,6.5,,,
1950-02-01,23.61,6.4,,,
1950-03-01,23.64,6.3,,,
1950-04-01,23.65,5.8,,,
1950-05-01,23.77,5.5,,,
1950-06-01,23.88,5.4,,,
1950-07-01,24.07,5.0,,,
1950-08-01,24.2,4.5,,,
1950-09-01,24.34,4.4,,,
1950-10-01,24.5,4.2,,,
1950-11-01,24.6,4.2,,,
1950-12-01,24.98,4.3,,,
1951-01-01,25.38,3.7,,,
1951-02-01,25.83,3.4,,,
1951-03-01,25.88,3.4,,,
1951-04-01,25.92,3.1,,,
1951-05-01,25.99,3.0,,,
1951-06-01,25.93,3.2,,,
1951-07-01,25.91,3.1,,,
1951-08-01,25.86,3.1,,,
1951-09-01,26.03,3.3,,,
1951-10-01,26.16,3.5,,,
1951-11-01,26.32,3.5,,,
1951-12-01,26.47,3.1,,,
1952-01-01,26.45,3.2,,,
1952-02-01,26.41,3.1,,,
1952-03-01,26.39,2.9,,,
1952-04-01,26.46,2.9,,,
1952-05-01,26.47,3.0,,,
1952-06-01,26.53,3.0,,,
1952-07-01,26.68,3.2,,,
1952-08-01,26.69,3.4,,,
1952-09-01,26.63,3.1,,,
1952-10-01,26.69,3.0,,,
1952-11-01,26.69,2.8,,,
1952-12-01,26.71,2.7,,,
1953-01-01,26.64,2.9,,,
1953-02-01,26.59,2.6,,,
1953-03-01,26.63,2.6,,,
1953-04-01,26.69,2.7,,2.83,
1953-05-01,26.7,2.5,,3.05,
1953-06-01,26.77,2.5,,3.11,
1953-07-01,26.79,2.6,,2.93,
1953-08-01,26.85,2.7,,2.95,
1953-09-01,26.89,2.9,,2.87,
1953-10-01,26.95,3.1,,2.66,
1953-11-01,26.85,3.5,,2.68,
1953-12-01,26.87,4.5,,2.59,
1954-01-01,26.94,4.9,,2.48,
1954-02-01,26.99,5.2,,2.47,
1954-03-01,26.93,5.7,,2.37,
1954-04-01,26.86,5.9,,2.29,
1954-05-01,26.93,5.9,,2.37,
1954-06-01,26.94,5.6,,2.38,
1954-07-01,26.86,5.8,0.8,2.3,
1954-08-01,26.85,6.0,1.22,2.36,
1954-09-01,26.81,6.1,1.07,2.38,
1954-10-01,26.72,5.7,0.85,2.43,
1954-11-01,26.78,5.3,0.83,2.48,
1954-12-01,26.77,5.0,1.28,2.51,
1955-01-01,26.77,4.9,1.39,2.61,
1955-02-01,26.82,4.7,1.29,2.65,
1955-03-01,26.79,4.6,1.35,2.68,
1955-04-01,26.79,4.7,1.43,2.75,
1955-05-01,26.77,4.3,1.43,2.76,
1955-06-01,26.71,4.2,1.64,2.78,
1955-07-01,26.76,4.0,1.68,2.9,
1955-08-01,26.72,4.2,1.96,2.97,
1955-09-01,26.85,4.1,2.18,2.97,
1955-10-01,26.82,4.3,2.24,2.88,
1955-11-01,26.88,4.2,2.35,2.89,
1955-12-01,26.87,4.2,2.48,2.96,
1956-01-01,26.83,4.0,2.45,2.9,
1956-02-01,26.86,3.9,2.5,2.84,
1956-03-01,26.89,4.2,2.5,2.96,
1956-04-01,26.93,4.0,2.62,3.18,
1956-05-01,27.03,4.3,2.75,3.07,
1956-06-01,27.15,4.3,2.71,3.0,
1956-07-01,27.29,4.4,2.75,3.11,
1956-08-01,27.31,4.1,2.73,3.33,
1956-09-01,27.35,3.9,2.95,3.38,
1956-10-01,27.51,3.9,2.96,3.34,
1956-11-01,27.51,4.3,2.88,3.49,
1956-12-01,27.63,4.2,2.94,3.59,
1957-01-01,27.67,4.2,2.84,3.46,
1957-02-01,27.8,3.9,3.0,3.34,
1957-03-01,27.86,3.7,2.96,3.41,
1957-04-01,27.93,3.9,3.0,3.48,
1957-05-01,28.0,4.1,3.0,3.6,
1957-06-01,28.11,4.3,3.0,3.8,
1957-07-01,28.19,4.2,2.99,3.93,
1957-08-01,28.28,4.1,3.24,3.93,
1957-09-01,28.32,4.4,3.47,3.92,
1957-10-01,28.32,4.5,3.5,3.97,
1957-11-01,28.41,5.1,3.28,3.72,
1957-12-01,28.47,5.2,2.98,3.21,
1958-01-01,28.64,5.8,2.72,3.09,
1958-02-01,28.7,6.4,1.67,3.05,
1958-03-01,28.87,6.7,1.2,2.98,
1958-04-01,28.94,7.4,1.26,2.88,
1958-05-01,28.94,7.4,0.63,2.92,
1958-06-01,28.91,7.3,0.93,2.97,
1958-07-01,28.89,7.5,0.68,3.2,
1958-08-01,28.94,7.4,1.53,3.54,
1958-09-01,28.91,7.1,1.76,3.76,
1958-10-01,28.91,6.7,1.8,3.8,
1958-11-01,28.95,6.2,2.27,3.74,
1958-12-01,28.97,6.2,2.42,3.86,
1959-01-01,29.01,6.0,2.48,4.02,
1959-02-01,29.0,5.9,2.43,3.96,
1959-03-01,28.97,5.6,2.8,3.99,
1959-04-01,28.98,5.2,2.96,4.12,
1959-05-01,29.04,5.1,2.9,4.31,
1959-06-01,29.11,5.0,3.39,4.34,
1959-07-01,29.15,5.1,3.47,4.4,
1959-08-01,29.18,5.2,3.5,4.43,
1959-09-01,29.25,5.5,3.76,4.68,
1959-10-01,29.35,5.7,3.98,4.53,
1959-11-01,29.35,5.8,4.0,4.53,
1959-12-01,29.41,5.3,3.99,4.69,
1960-01-01,29.37,5.2,3.99,4.72,
1960-02-01,29.41,4.8,3.97,4.49,
1960-03-01,29.41,5.4,3.84,4.25,
1960-04-01,29.54,5.2,3.92,4.28,
1960-05-01,29.57,5.1,3.85,4.35,
1960-06-01,29.61,5.4,3.32,4.15,
1960-07-01,29.55,5.5,3.23,3.9,
1960-08-01,29.61,5.6,2.98,3.8,
1960-09-01,29.61,5.5,2.6,3.8,
1960-10-01,29.75,6.1,2.47,3.89,
1960-11-01,29.78,6.1,2.44,3.93,
1960-12-01,29.81,6.6,1.98,3.84,
1961-01-01,29.84,6.6,1.45,3.84,
1961-02-01,29.84,6.9,2.54,3.78,
1961-03-01,29.84,6.9,2.02,3.74,
1961-04-01,29.81,7.0,1.49,3.78,
1961-05-01,29.84,7.1,1.98,3.71,
1961-06-01,29.84,6.9,1.73,3.88,
1961-07-01,29.92,7.0,1.17,3.92,
1961-08-01,29.94,6.6,2.0,4.04,
1961-09-01,29.98,6.7,1.88,3.98,
1961-10-01,29.98,6.5,2.26,3.92,
1961-11-01,29.98,6.1,2.61,3.94,
1961-12-01,30.01,6.0,2.33,4.06,
1962-01-01,30.04,5.8,2.15,4.08,
1962-02-01,30.11,5.5,2.37,4.04,
1962-03-01,30.17,5.6,2.85,3.93,
1962-04-01,30.21,5.6,2.78,3.84,
1962-05-01,30.24,5.5,2.36,3.87,
1962-06-01,30.21,5.5,2.68,3.91,
1962-07-01,30.22,5.4,2.71,4.01,
1962-08-01,30.28,5.7,2.93,3.98,
1962-09-01,30.42,5.6,2.9,3.98,
1962-10-01,30.38,5.4,2.9,3.93,
1962-11-01,30.38,5.7,2.94,3.92,
1962-12-01,30.38,5.5,2.93,3.86,
1963-01-01,30.44,5.7,2.92,3.83,
1963-02-01,30.48,5.9,3.0,3.92,
1963-03-01,30.51,5.7,2.98,3.93,
1963-04-01,30.48,5.7,2.9,3.97,
1963-05-01,30.51,5.9,3.0,3.93,
1963-06-01,30.61,5.6,2.99,3.99,
1963-07-01,30.69,5.6,3.02,4.02,
1963-08-01,30.75,5.4,3.49,4.0,
1963-09-01,30.72,5.5,3.48,4.08,
1963-10-01,30.75,5.5,3.5,4.11,
1963-11-01,30.78,5.7,3.48,4.12,
1963-12-01,30.88,5.5,3.38,4.13,
1964-01-01,30.94,5.6,3.48,4.17,
1964-02-01,30.91,5.4,3.48,4.15,
1964-03-01,30.94,5.4,3.43,4.22,
1964-04-01,30.95,5.3,3.47,4.23,
1964-05-01,30.98,5.1,3.5,4.2,
1964-06-01,31.01,5.2,3.5,4.17,
1964-07-01,31.02,4.9,3.42,4.19,
1964-08-01,31.05,5.0,3.5,4.19,
1964-09-01,31.08,5.1,3.45,4.2,
1964-10-01,31.12,5.1,3.36,4.19,
1964-11-01,31.21,4.8,3.52,4.15,
1964-12-01,31.25,5.0,3.85,4.18,
1965-01-01,31.28,4.9,3.9,4.19,
1965-02-01,31.28,5.1,3.98,4.21,
1965-03-01,31.31,4.7,4.05,4.21,
1965-04-01,31.38,4.8,4.09,4.2,
1965-05-01,31.48,4.6,4.1,4.21,
1965-06-01,31.61,4.6,4.05,4.21,
1965-07-01,31.58,4.4,4.09,4.2,
1965-08-01,31.55,4.4,4.12,4.25,
1965-09-01,31.62,4.3,4.02,4.29,
1965-10-01,31.65,4.2,4.08,4.35,
1965-11-01,31.75,4.1,4.1,4.45,
1965-12-01,31.85,4.0,4.32,4.62,
1966-01-01,31.88,4.0,4.42,4.61,
1966-02-01,32.08,3.8,4.6,4.83,
1966-03-01,32.18,3.8,4.66,4.87,
1966-04-01,32.28,3.8,4.67,4.75,
1966-05-01,32.35,3.9,4.9,4.78,
1966-06-01,32.38,3.8,5.17,4.81,
1966-07-01,32.45,3.8,5.3,5.02,
1966-08-01,32.65,3.8,5.53,5.22,
1966-09-01,32.75,3.7,5.4,5.18,
1966-10-01,32.85,3.7,5.53,5.01,
1966-11-01,32.88,3.6,5.76,5.16,
1966-12-01,32.92,3.8,5.4,4.84,
1967-01-01,32.9,3.9,4.94,4.58,
1967-02-01,33.0,3.8,5.0,4.63,
1967-03-01,33.0,3.8,4.53,4.54,
1967-04-01,33.1,3.8,4.05,4.59,
1967-05-01,33.1,3.8,3.94,4.85,
1967-06-01,33.3,3.9,3.98,5.02,
1967-07-01,33.4,3.8,3.79,5.16,
1967-08-01,33.5,3.8,3.9,5.28,
1967-09-01,33.6,3.8,3.99,5.3,
1967-10-01,33.7,4.0,3.88,5.48,
1967-11-01,33.9,3.9,4.13,5.75,
1967-12-01,34.0,3.8,4.51,5.7,
1968-01-01,34.1,3.7,4.61,5.53,
1968-02-01,34.2,3.8,4.71,5.56,
1968-03-01,34.3,3.7,5.05,5.74,
1968-04-01,34.4,3.5,5.76,5.64,
1968-05-01,34.5,3.5,6.12,5.87,
1968-06-01,34.7,3.7,6.07,5.72,
1968-07-01,34.9,3.7,6.03,5.5,
1968-08-01,35.0,3.5,6.03,5.42,
1968-09-01,35.1,3.4,5.78,5.46,
1968-10-01,35.3,3.4,5.91,5.58,
1968-11-01,35.4,3.4,5.82,5.7,
1968-12-01,35.6,3.4,6.02,6.03,
1969-01-01,35.7,3.4,6.3,6.04,
1969-02-01,35.8,3.4,6.61,6.19,
1969-03-01,36.1,3.4,6.79,6.3,
1969-04-01,36.3,3.4,7.41,6.17,
1969-05-01,36.4,3.4,8.67,6.32,
1969-06-01,36.6,3.5,8.9,6.57,
1969-07-01,36.8,3.5,8.61,6.72,
1969-08-01,36.9,3.5,9.19,6.69,
1969-09-01,37.1,3.7,9.15,7.16,
1969-10-01,37.3,3.7,9.0,7.1,
1969-11-01,37.5,3.5,8.85,7.14,
1969-12-01,37.7,3.5,8.97,7.65,
1970-01-01,37.9,3.9,8.98,7.79,
1970-02-01,38.1,4.2,8.98,7.24,
1970-03-01,38.3,4.4,7.76,7.07,
1970-04-01,38.5,4.6,8.1,7.39,
1970-05-01,38.6,4.8,7.95,7.91,
1970-06-01,38.8,4.9,7.61,7.84,
1970-07-01,38.9,5.0,7.21,7.46,
1970-08-01,39.0,5.1,6.62,7.53,
1970-09-01,39.2,5.4,6.29,7.39,
1970-10-01,39.4,5.5,6.2,7.33,
1970-11-01,39.6,5.9,5.6,6.84,
1970-12-01,39.8,6.1,4.9,6.39,
1971-01-01,39.9,5.9,4.14,6.24,
1971-02-01,39.9,5.9,3.72,6.11,
1971-03-01,40.0,6.0,3.71,5.7,
1971-04-01,40.1,5.9,4.16,5.83,
1971-05-01,40.3,5.9,4.63,6.39,
1971-06-01,40.5,5.9,4.91,6.52,
1971-07-01,40.6,6.0,5.31,6.73,
1971-08-01,40.7,6.1,5.57,6.58,
1971-09-01,40.8,6.0,5.55,6.14,
1971-10-01,40.9,5.8,5.2,5.93,
1971-11-01,41.0,6.0,4.91,5.81,
1971-12-01,41.1,6.0,4.14,5.93,
1972-01-01,41.2,5.8,3.51,5.95,
1972-02-01,41.4,5.7,3.3,6.08,
1972-03-01,41.4,5.8,3.83,6.07,
1972-04-01,41.5,5.7,4.17,6.19,
1972-05-01,41.6,5.7,4.27,6.13,
1972-06-01,41.7,5.7,4.46,6.11,
1972-07-01,41.8,5.6,4.55,6.11,
1972-08-01,41.9,5.6,4.81,6.21,
1972-09-01,42.1,5.5,4.87,6.55,
1972-10-01,42.2,5.6,5.05,6.48,
1972-11-01,42.4,5.3,5.06,6.28,
1972-12-01,42.5,5.2,5.33,6.36,
1973-01-01,42.7,4.9,5.94,6.46,
1973-02-01,43.0,5.0,6.58,6.64,
1973-03-01,43.4,4.9,7.09,6.71,
1973-04-01,43.7,5.0,7.12,6.67,
1973-05-01,43.9,4.9,7.84,6.85,
1973-06-01,44.2,4.9,8.49,6.9,
1973-07-01,44.2,4.8,10.4,7.13,
1973-08-01,45.0,4.8,10.5,7.4,
1973-09-01,45.2,4.8,10.78,7.09,
1973-10-01,45.6,4.6,10.01,6.79,
1973-11-01,45.9,4.8,10.03,6.73,
1973-12-01,46.3,4.9,9.95,6.74,
1974-01-01,46.8,5.1,9.65,6.99,
1974-02-01,47.3,5.2,8.97,6.96,
1974-03-01,47.8,5.1,9.35,7.21,
1974-04-01,48.1,5.1,10.51,7.51,
1974-05-01,48.6,5.1,11.31,7.58,
1974-06-01,49.0,5.4,11.93,7.54,
1974-07-01,49.3,5.5,12.92,7.81,
1974-08-01,49.9,5.5,12.01,8.04,
1974-09-01,50.6,5.9,11.34,8.04,
1974-10-01,51.0,6.0,10.06,7.9,
1974-11-01,51.5,6.6,9.45,7.68,
1974-12-01,51.9,7.2,8.53,7.43,
1975-01-01,52.3,8.1,7.13,7.5,
1975-02-01,52.6,8.1,6.24,7.39,
1975-03-01,52.8,8.6,5.54,7.73,
1975-04-01,53.0,8.8,5.49,8.23,
1975-05-01,53.1,9.0,5.22,8.06,
1975-06-01,53.5,8.8,5.55,7.86,
1975-07-01,54.0,8.6,6.1,8.06,
1975-08-01,54.2,8.4,6.14,8.4,
1975-09-01,54.6,8.4,6.24,8.43,
1975-10-01,54.9,8.4,5.82,8.14,
1975-11-01,55.3,8.3,5.22,8.05,
1975-12-01,55.6,8.2,5.2,8.0,
1976-01-01,55.8,7.9,4.87,7.74,
1976-02-01,55.9,7.7,4.77,7.79,
1976-03-01,56.0,7.6,4.84,7.73,
1976-04-01,56.1,7.7,4.82,7.56,
1976-05-01,56.4,7.4,5.29,7.9,
1976-06-01,56.7,7.6,5.48,7.86,7.06
1976-07-01,57.0,7.8,5.31,7.83,6.85
1976-08-01,57.3,7.8,5.29,7.77,6.63
1976-09-01,57.6,7.6,5.25,7.59,6.42
1976-10-01,57.9,7.7,5.02,7.41,5.98
1976-11-01,58.1,7.8,4.95,7.29,5.81
1976-12-01,58.4,7.8,4.65,6.87,5.38
1977-01-01,58.7,7.5,4.61,7.21,5.9
1977-02-01,59.3,7.6,4.68,7.39,6.09
1977-03-01,59.6,7.4,4.69,7.46,6.09
1977-04-01,60.0,7.2,4.73,7.37,5.96
1977-05-01,60.2,7.0,5.35,7.46,6.25
1977-06-01,60.5,7.2,5.39,7.28,6.13
1977-07-01,60.8,6.9,5.42,7.33,6.27
1977-08-01,61.1,7.0,5.9,7.4,6.61
1977-09-01,61.3,6.8,6.14,7.34,6.71
1977-10-01,61.6,6.8,6.47,7.52,7.11
1977-11-01,62.0,6.8,6.51,7.58,7.14
1977-12-01,62.3,6.4,6.56,7.69,7.18
1978-01-01,62.7,6.4,6.7,7.96,7.49
1978-02-01,63.0,6.3,6.78,8.03,7.57
1978-03-01,63.4,6.3,6.79,8.04,7.58
1978-04-01,63.9,6.1,6.89,8.15,7.74
1978-05-01,64.5,6.0,7.36,8.35,8.01
1978-06-01,65.0,5.9,7.6,8.46,8.24
1978-07-01,65.5,6.2,7.81,8.64,8.49
1978-08-01,65.9,5.9,8.04,8.41,8.37
1978-09-01,66.5,6.0,8.45,8.42,8.57
1978-10-01,67.1,5.8,8.96,8.64,8.85
1978-11-01,67.5,5.9,9.76,8.81,9.42
1978-12-01,67.9,6.0,10.03,9.01,9.72
1979-01-01,68.5,5.9,10.07,9.1,9.86
1979-02-01,69.2,5.9,10.06,9.1,9.72
1979-03-01,69.9,5.8,10.09,9.12,9.79
1979-04-01,70.6,5.8,10.01,9.18,9.78
1979-05-01,71.4,5.6,10.24,9.25,9.78
1979-06-01,72.2,5.7,10.29,8.91,9.22
1979-07-01,73.0,5.7,10.47,8.95,9.14
1979-08-01,73.7,6.0,10.94,9.03,9.46
1979-09-01,74.4,5.9,11.43,9.33,10.06
1979-10-01,75.2,6.0,13.77,10.3,11.49
1979-11-01,76.0,5.9,13.18,10.65,11.81
1979-12-01,76.9,6.0,13.78,10.39,11.39
1980-01-01,78.0,6.3,13.82,10.8,11.5
1980-02-01,79.0,6.3,14.13,12.41,13.42
1980-03-01,80.1,6.3,17.19,12.75,14.88
1980-04-01,80.9,6.9,17.61,11.47,12.5
1980-05-01,81.7,7.5,10.98,10.18,9.45
1980-06-01,82.5,7.6,9.47,9.78,8.73
1980-07-01,82.6,7.8,9.03,10.25,9.03
1980-08-01,83.2,7.7,9.61,11.1,10.53
1980-09-01,83.9,7.5,10.87,11.51,11.57
1980-10-01,84.7,7.5,12.81,11.75,12.09
1980-11-01,85.6,7.5,15.85,12.68,13.51
1980-12-01,86.4,7.2,18.9,12.84,14.08
1981-01-01,87.2,7.5,19.08,12.57,13.26
1981-02-01,88.0,7.4,15.93,13.19,13.92
1981-03-01,88.6,7.4,14.7,13.12,13.57
1981-04-01,89.1,7.2,15.72,13.68,14.15
1981-05-01,89.7,7.5,18.52,14.1,15.46
1981-06-01,90.5,7.5,19.1,13.47,14.51
1981-07-01,91.5,7.2,19.04,14.28,15.35
1981-08-01,92.2,7.4,17.82,14.94,16.28
1981-09-01,93.1,7.6,15.87,15.32,16.46
1981-10-01,93.4,7.9,15.08,15.15,15.54
1981-11-01,93.8,8.3,13.31,13.39,12.88
1981-12-01,94.1,8.5,12.37,13.72,13.29
1982-01-01,94.4,8.6,13.22,14.59,14.57
1982-02-01,94.7,8.9,14.78,14.43,14.82
1982-03-01,94.7,9.0,14.68,13.86,14.19
1982-04-01,95.0,9.3,14.94,13.87,14.2
1982-05-01,95.9,9.4,14.45,13.62,13.78
1982-06-01,97.0,9.6,14.15,14.3,14.47
1982-07-01,97.5,9.8,12.59,13.95,13.8
1982-08-01,97.7,9.8,10.12,13.06,12.32
1982-09-01,97.7,10.1,10.31,12.34,11.78
1982-10-01,98.1,10.4,9.71,10.91,10.19
1982-11-01,98.0,10.8,9.2,10.55,9.8
1982-12-01,97.7,10.8,8.95,10.54,9.66
1983-01-01,97.9,10.4,8.68,10.46,9.33
1983-02-01,98.0,10.4,8.51,10.72,9.64
1983-03-01,98.1,10.3,8.77,10.51,9.66
1983-04-01,98.8,10.2,8.8,10.4,9.57
1983-05-01,99.2,10.1,8.63,10.38,9.49
1983-06-01,99.4,10.1,8.98,10.85,10.18
1983-07-01,99.8,9.4,9.37,11.38,10.69
1983-08-01,100.1,9.5,9.56,11.85,11.07
1983-09-01,100.4,9.2,9.45,11.65,10.79
1983-10-01,100.8,8.8,9.48,11.54,10.57
1983-11-01,101.1,8.5,9.34,11.69,10.66
1983-12-01,101.4,8.3,9.47,11.83,10.84
1984-01-01,102.1,8.0,9.56,11.67,10.64
1984-02-01,102.6,7.8,9.59,11.84,10.79
1984-03-01,102.9,7.8,9.91,12.32,11.31
1984-04-01,103.3,7.7,10.29,12.63,11.69
1984-05-01,103.5,7.4,10.32,13.41,12.47
1984-06-01,103.7,7.2,11.06,13.56,12.91
1984-07-01,104.1,7.5,11.23,13.36,12.88
1984-08-01,104.4,7.5,11.64,12.72,12.43
1984-09-01,104.7,7.3,11.3,12.52,12.2
1984-10-01,105.1,7.4,9.99,12.16,11.6
1984-11-01,105.3,7.2,9.43,11.57,10.65
1984-12-01,105.5,7.3,8.38,11.5,10.18
1985-01-01,105.7,7.3,8.35,11.38,9.93
1985-02-01,106.3,7.2,8.5,11.51,10.17
1985-03-01,106.8,7.2,8.58,11.86,10.71
1985-04-01,107.0,7.3,8.27,11.43,10.09
1985-05-01,107.2,7.2,7.97,10.85,9.39
1985-06-01,107.5,7.4,7.53,10.16,8.69
1985-07-01,107.7,7.4,7.88,10.31,8.77
1985-08-01,107.9,7.1,7.9,10.33,8.94
1985-09-01,108.1,7.1,7.92,10.37,8.98
1985-10-01,108.5,7.1,7.99,10.24,8.86
1985-11-01,109.0,7.0,8.05,9.78,8.58
1985-12-01,109.5,7.0,8.27,9.26,8.15
1986-01-01,109.9,6.7,8.14,9.19,8.14
1986-02-01,109.7,7.2,7.86,8.7,7.97
1986-03-01,109.1,7.2,7.48,7.78,7.21
1986-04-01,108.7,7.1,6.99,7.3,6.7
1986-05-01,109.0,7.2,6.85,7.71,7.07
1986-06-01,109.4,7.2,6.92,7.8,7.18
1986-07-01,109.5,7.0,6.56,7.3,6.67
1986-08-01,109.6,6.9,6.17,7.17,6.33
1986-09-01,110.0,7.0,5.89,7.45,6.35
1986-10-01,110.2,7.0,5.85,7.43,6.28
1986-11-01,110.4,6.9,6.04,7.25,6.28
1986-12-01,110.8,6.6,6.91,7.11,6.27
1987-01-01,111.4,6.6,6.43,7.08,6.23
1987-02-01,111.8,6.6,6.1,7.25,6.4
1987-03-01,112.2,6.6,6.13,7.25,6.42
1987-04-01,112.7,6.3,6.37,8.02,7.02
1987-05-01,113.0,6.3,6.85,8.61,7.76
1987-06-01,113.5,6.2,6.73,8.4,7.57
1987-07-01,113.8,6.1,6.58,8.45,7.44
1987-08-01,114.3,6.0,6.73,8.76,7.75
1987-09-01,114.7,5.9,7.22,9.42,8.34
1987-10-01,115.0,6.0,7.29,9.52,8.4
1987-11-01,115.4,5.8,6.69,8.86,7.69
1987-12-01,115.6,5.7,6.77,8.99,7.86
1988-01-01,116.0,5.7,6.83,8.67,7.63
1988-02-01,116.2,5.7,6.58,8.21,7.18
1988-03-01,116.5,5.7,6.58,8.37,7.27
1988-04-01,117.2,5.4,6.87,8.72,7.59
1988-05-01,117.5,5.6,7.09,9.09,8.0
1988-06-01,118.0,5.4,7.51,8.92,8.03
1988-07-01,118.5,5.4,7.75,9.06,8.28
1988-08-01,119.0,5.6,8.01,9.26,8.63
1988-09-01,119.5,5.4,8.19,8.98,8.46
1988-10-01,119.9,5.4,8.3,8.8,8.35
1988-11-01,120.3,5.3,8.35,8.96,8.67
1988-12-01,120.7,5.3,8.76,9.11,9.09
1989-01-01,121.2,5.4,9.12,9.09,9.18
1989-02-01,121.6,5.2,9.36,9.17,9.37
1989-03-01,122.2,5.0,9.85,9.36,9.68
1989-04-01,123.1,5.2,9.84,9.18,9.45
1989-05-01,123.7,5.2,9.81,8.86,9.02
1989-06-01,124.1,5.3,9.53,8.28,8.41
1989-07-01,124.5,5.2,9.24,8.02,7.82
1989-08-01,124.5,5.2,8.99,8.11,8.14
1989-09-01,124.8,5.3,9.02,8.19,8.28
1989-10-01,125.4,5.3,8.84,8.01,7.98
1989-11-01,125.9,5.4,8.55,7.87,7.8
1989-12-01,126.3,5.4,8.45,7.84,7.78
1990-01-01,127.5,5.4,8.23,8.21,8.09
1990-02-01,128.0,5.3,8.24,8.47,8.37
1990-03-01,128.6,5.2,8.28,8.59,8.63
1990-04-01,128.9,5.4,8.26,8.79,8.72
1990-05-01,129.1,5.4,8.18,8.76,8.64
1990-06-01,129.9,5.2,8.29,8.48,8.35
1990-07-01,130.5,5.5,8.15,8.47,8.16
1990-08-01,131.6,5.7,8.13,8.75,8.06
1990-09-01,132.5,5.9,8.2,8.89,8.08
1990-10-01,133.4,5.9,8.11,8.72,7.88
1990-11-01,133.7,6.2,7.81,8.39,7.6
1990-12-01,134.2,6.3,7.31,8.08,7.31
1991-01-01,134.7,6.4,6.91,8.09,7.13
1991-02-01,134.8,6.6,6.25,7.85,6.87
1991-03-01,134.8,6.8,6.12,8.11,7.1
1991-04-01,135.1,6.7,5.91,8.04,6.95
1991-05-01,135.6,6.9,5.78,8.07,6.78
1991-06-01,136.0,6.9,5.9,8.28,6.96
1991-07-01,136.2,6.8,5.82,8.27,6.92
1991-08-01,136.6,6.9,5.66,7.9,6.43
1991-09-01,137.0,6.9,5.45,7.65,6.18
1991-10-01,137.2,7.0,5.21,7.53,5.91
1991-11-01,137.8,7.0,4.81,7.42,5.56
1991-12-01,138.2,7.3,4.43,7.09,5.03
1992-01-01,138.3,7.3,4.03,7.03,4.96
1992-02-01,138.6,7.4,4.06,7.34,5.21
1992-03-01,139.1,7.4,3.98,7.54,5.69
1992-04-01,139.4,7.4,3.73,7.48,5.34
1992-05-01,139.7,7.6,3.82,7.39,5.23
1992-06-01,140.1,7.8,3.76,7.26,5.05
1992-07-01,140.5,7.7,3.25,6.84,4.36
1992-08-01,140.8,7.6,3.3,6.59,4.19
1992-09-01,141.1,7.6,3.22,6.42,3.89
1992-10-01,141.7,7.3,3.1,6.59,4.08
1992-11-01,142.1,7.4,3.09,6.87,4.58
1992-12-01,142.3,7.4,2.92,6.77,4.67
1993-01-01,142.8,7.3,3.02,6.6,4.39
1993-02-01,143.1,7.1,3.03,6.26,4.1
1993-03-01,143.3,7.0,3.07,5.98,3.95
1993-04-01,143.8,7.1,2.96,5.97,3.84
1993-05-01,144.2,7.1,3.0,6.04,3.98
1993-06-01,144.3,7.0,3.04,5.96,4.16
1993-07-01,144.5,6.9,3.06,5.81,4.07
1993-08-01,144.8,6.8,3.03,5.68,4.0
1993-09-01,145.0,6.7,3.09,5.36,3.85
1993-10-01,145.6,6.8,2.99,5.33,3.87
1993-11-01,146.0,6.6,3.02,5.72,4.16
1993-12-01,146.3,6.5,2.96,5.77,4.21
1994-01-01,146.3,6.6,3.05,5.75,4.14
1994-02-01,146.7,6.6,3.25,5.97,4.47
1994-03-01,147.1,6.5,3.34,6.48,5.0
1994-04-01,147.2,6.4,3.56,6.97,5.55
1994-05-01,147.5,6.1,4.01,7.18,5.97
1994-06-01,147.9,6.1,4.25,7.1,5.93
1994-07-01,148.4,6.1,4.26,7.3,6.13
1994-08-01,149.0,6.0,4.47,7.24,6.18
1994-09-01,149.3,5.9,4.73,7.46,6.39
1994-10-01,149.4,5.8,4.76,7.74,6.73
1994-11-01,149.8,5.6,5.29,7.96,7.15
1994-12-01,150.1,5.5,5.45,7.81,7.59
1995-01-01,150.5,5.6,5.53,7.78,7.51
1995-02-01,150.9,5.4,5.92,7.47,7.11
1995-03-01,151.2,5.4,5.98,7.2,6.78
1995-04-01,151.8,5.8,6.05,7.06,6.57
1995-05-01,152.1,5.6,6.01,6.63,6.17
1995-06-01,152.4,5.6,6.0,6.17,5.72
1995-07-01,152.6,5.7,5.85,6.28,5.78
1995-08-01,152.9,5.7,5.74,6.49,5.98
1995-09-01,153.1,5.6,5.8,6.2,5.81
1995-10-01,153.5,5.5,5.76,6.04,5.7
1995-11-01,153.7,5.6,5.8,5.93,5.48
1995-12-01,153.9,5.6,5.6,5.71,5.32
1996-01-01,154.7,5.6,5.56,5.65,5.11
1996-02-01,155.0,5.5,5.22,5.81,5.03
1996-03-01,155.5,5.5,5.31,6.27,5.66
1996-04-01,156.1,5.6,5.22,6.51,5.96
1996-05-01,156.4,5.6,5.24,6.74,6.1
1996-06-01,156.7,5.3,5.27,6.91,6.3
1996-07-01,157.0,5.5,5.4,6.87,6.27
1996-08-01,157.2,5.1,5.22,6.64,6.03
1996-09-01,157.7,5.2,5.3,6.83,6.23
1996-10-01,158.2,5.2,5.24,6.53,5.91
1996-11-01,158.7,5.4,5.31,6.2,5.7
1996-12-01,159.1,5.4,5.29,6.3,5.78
1997-01-01,159.4,5.3,5.25,6.58,6.01
1997-02-01,159.7,5.2,5.19,6.42,5.9
1997-03-01,159.8,5.2,5.39,6.69,6.22
1997-04-01,159.9,5.1,5.51,6.89,6.45
1997-05-01,159.9,4.9,5.5,6.71,6.28
1997-06-01,160.2,5.0,5.56,6.49,6.09
1997-07-01,160.4,4.9,5.52,6.22,5.89
1997-08-01,160.8,4.8,5.54,6.3,5.94
1997-09-01,161.2,4.9,5.54,6.21,5.88
1997-10-01,161.5,4.7,5.5,6.03,5.77
1997-11-01,161.7,4.6,5.52,5.88,5.71
1997-12-01,161.8,4.7,5.5,5.81,5.72
1998-01-01,162.0,4.6,5.56,5.54,5.36
1998-02-01,162.0,4.6,5.51,5.57,5.42
1998-03-01,162.0,4.7,5.49,5.65,5.56
1998-04-01,162.2,4.3,5.45,5.64,5.56
1998-05-01,162.6,4.4,5.49,5.65,5.59
1998-06-01,162.8,4.5,5.56,5.5,5.52
1998-07-01,163.2,4.5,5.54,5.46,5.46
1998-08-01,163.4,4.5,5.55,5.34,5.27
1998-09-01,163.5,4.6,5.51,4.81,4.67
1998-10-01,163.9,4.5,5.07,4.53,4.09
1998-11-01,164.1,4.4,4.83,4.83,4.54
1998-12-01,164.4,4.4,4.68,4.65,4.51
1999-01-01,164.7,4.3,4.63,4.72,4.62
1999-02-01,164.7,4.4,4.76,5.0,4.88
1999-03-01,164.8,4.2,4.81,5.23,5.05
1999-04-01,165.9,4.3,4.74,5.18,4.98
1999-05-01,166.0,4.2,4.74,5.54,5.25
1999-06-01,166.0,4.3,4.76,5.9,5.62
1999-07-01,166.7,4.3,4.99,5.79,5.55
1999-08-01,167.1,4.2,5.07,5.94,5.68
1999-09-01,167.8,4.2,5.22,5.92,5.66
1999-10-01,168.1,4.1,5.2,6.11,5.86
1999-11-01,168.4,4.1,5.42,6.03,5.86
1999-12-01,168.8,4.0,5.3,6.28,6.1
2000-01-01,169.3,4.0,5.45,6.66,6.44
2000-02-01,170.0,4.1,5.73,6.52,6.61
2000-03-01,171.0,4.0,5.85,6.26,6.53
2000-04-01,170.9,3.8,6.02,5.99,6.4
2000-05-01,171.2,4.0,6.27,6.44,6.81
2000-06-01,172.2,4.0,6.53,6.1,6.48
2000-07-01,172.7,4.0,6.54,6.05,6.34
2000-08-01,172.7,4.1,6.5,5.83,6.23
2000-09-01,173.6,3.9,6.52,5.8,6.08
2000-10-01,173.9,3.9,6.51,5.74,5.91
2000-11-01,174.2,3.9,6.51,5.72,5.88
2000-12-01,174.6,3.9,6.4,5.24,5.35
2001-01-01,175.6,4.2,5.98,5.16,4.76
2001-02-01,176.0,4.2,5.49,5.1,4.66
2001-03-01,176.1,4.3,5.31,4.89,4.34
2001-04-01,176.4,4.4,4.8,5.14,4.23
2001-05-01,177.3,4.3,4.21,5.39,4.26
2001-06-01,177.7,4.5,3.97,5.28,4.08
2001-07-01,177.4,4.6,3.77,5.24,4.04
2001-08-01,177.4,4.9,3.65,4.97,3.76
2001-09-01,178.1,5.0,3.07,4.73,3.12
2001-10-01,177.6,5.3,2.49,4.57,2.73
2001-11-01,177.5,5.5,2.09,4.65,2.78
2001-12-01,177.4,5.7,1.82,5.09,3.11
2002-01-01,177.7,5.7,1.73,5.04,3.03
2002-02-01,178.0,5.7,1.74,4.91,3.02
2002-03-01,178.5,5.7,1.73,5.28,3.56
2002-04-01,179.3,5.9,1.75,5.21,3.42
2002-05-01,179.5,5.8,1.75,5.16,3.26
2002-06-01,179.6,5.8,1.75,4.93,2.99
2002-07-01,180.0,5.8,1.73,4.65,2.56
2002-08-01,180.5,5.7,1.74,4.26,2.13
2002-09-01,180.8,5.7,1.75,3.87,2.0
2002-10-01,181.2,5.7,1.75,3.94,1.91
2002-11-01,181.5,5.9,1.34,4.05,1.92
2002-12-01,181.8,6.0,1.24,4.03,1.84
2003-01-01,182.6,5.8,1.24,4.05,1.74
2003-02-01,183.6,5.9,1.26,3.9,1.63
2003-03-01,183.9,5.9,1.25,3.81,1.57
2003-04-01,183.2,6.0,1.26,3.96,1.62
2003-05-01,182.9,6.1,1.26,3.57,1.42
2003-06-01,183.1,6.3,1.22,3.33,1.23
2003-07-01,183.7,6.2,1.01,3.98,1.47
2003-08-01,184.5,6.1,1.03,4.45,1.86
2003-09-01,185.1,6.1,1.01,4.27,1.71
2003-10-01,184.9,6.0,1.01,4.29,1.75
2003-11-01,185.0,5.8,1.0,4.3,1.93
2003-12-01,185.5,5.7,0.98,4.27,1.91
2004-01-01,186.3,5.7,1.0,4.15,1.76
2004-02-01,186.7,5.6,1.01,4.08,1.74
2004-03-01,187.1,5.8,1.0,3.83,1.58
2004-04-01,187.4,5.6,1.0,4.35,2.07
2004-05-01,188.2,5.6,1.0,4.72,2.53
2004-06-01,188.9,5.6,1.03,4.73,2.76
2004-07-01,189.1,5.5,1.26,4.5,2.64
2004-08-01,189.2,5.4,1.43,4.28,2.51
2004-09-01,189.8,5.4,1.61,4.13,2.53
2004-10-01,190.8,5.5,1.76,4.1,2.58
2004-11-01,191.7,5.4,1.93,4.19,2.85
2004-12-01,191.7,5.4,2.16,4.23,3.01
2005-01-01,191.6,5.3,2.28,4.22,3.22
2005-02-01,192.4,5.4,2.5,4.17,3.38
2005-03-01,193.1,5.2,2.63,4.5,3.73
2005-04-01,193.7,5.2,2.79,4.34,3.65
2005-05-01,193.6,5.1,3.0,4.14,3.64
2005-06-01,193.7,5.0,3.04,4.0,3.64
2005-07-01,194.9,5.0,3.26,4.18,3.87
2005-08-01,196.1,4.9,3.5,4.26,4.04
2005-09-01,198.8,5.0,3.62,4.2,3.95
2005-10-01,199.1,5.0,3.78,4.46,4.27
2005-11-01,198.1,5.0,4.0,4.54,4.42
2005-12-01,198.1,4.9,4.16,4.47,4.4
2006-01-01,199.3,4.7,4.29,4.42,4.4
2006-02-01,199.4,4.8,4.49,4.57,4.67
2006-03-01,199.7,4.7,4.59,4.72,4.73
2006-04-01,200.7,4.7,4.79,4.99,4.89
2006-05-01,201.3,4.6,4.94,5.11,4.97
2006-06-01,201.8,4.6,4.99,5.11,5.12
2006-07-01,202.9,4.7,5.24,5.09,5.12
2006-08-01,203.8,4.7,5.25,4.88,4.9
2006-09-01,202.8,4.5,5.25,4.72,4.77
2006-10-01,201.9,4.4,5.25,4.73,4.8
2006-11-01,202.0,4.5,5.25,4.6,4.74
2006-12-01,203.1,4.4,5.24,4.56,4.67
2007-01-01,203.437,4.6,5.25,4.76,4.88
2007-02-01,204.226,4.5,5.26,4.72,4.85
2007-03-01,205.288,4.4,5.26,4.56,4.57
2007-04-01,205.904,4.5,5.25,4.69,4.67
2007-05-01,206.755,4.4,5.25,4.75,4.77
2007-06-01,207.234,4.6,5.25,5.1,4.98
2007-07-01,207.603,4.7,5.26,5.0,4.82
2007-08-01,207.667,4.6,5.02,4.67,4.31
2007-09-01,208.547,4.7,4.94,4.52,4.01
2007-10-01,209.19,4.7,4.76,4.53,3.97
2007-11-01,210.834,4.7,4.49,4.15,3.34
2007-12-01,211.445,5.0,4.24,4.1,3.12
2008-01-01,212.174,5.0,3.94,3.74,2.48
2008-02-01,212.687,4.9,2.98,3.74,1.97
2008-03-01,213.448,5.1,2.61,3.51,1.62
2008-04-01,213.942,5.0,2.28,3.68,2.05
2008-05-01,215.208,5.4,1.98,3.88,2.45
2008-06-01,217.463,5.6,2.0,4.1,2.77
2008-07-01,219.016,5.8,2.01,4.01,2.57
2008-08-01,218.69,6.1,2.0,3.89,2.42
2008-09-01,218.877,6.1,1.81,3.69,2.08
2008-10-01,216.995,6.5,0.97,3.81,1.61
2008-11-01,213.153,6.8,0.39,3.53,1.21
2008-12-01,211.398,7.3,0.16,2.42,0.82
2009-01-01,211.933,7.8,0.15,2.52,0.81
2009-02-01,212.705,8.3,0.22,2.87,0.98
2009-03-01,212.495,8.7,0.18,2.82,0.93
2009-04-01,212.709,9.0,0.15,2.93,0.93
2009-05-01,213.022,9.4,0.18,3.29,0.93
2009-06-01,214.79,9.5,0.21,3.72,1.18
2009-07-01,214.726,9.5,0.16,3.56,1.02
2009-08-01,215.445,9.6,0.16,3.59,1.12
2009-09-01,215.861,9.8,0.15,3.4,0.96
2009-10-01,216.509,10.0,0.12,3.39,0.95
2009-11-01,217.234,9.9,0.12,3.4,0.8
2009-12-01,217.347,9.9,0.12,3.59,0.87
2010-01-01,217.488,9.8,0.11,3.73,0.93
2010-02-01,217.281,9.8,0.13,3.69,0.86
2010-03-01,217.353,9.9,0.16,3.73,0.96
2010-04-01,217.403,9.9,0.2,3.85,1.06
2010-05-01,217.29,9.6,0.2,3.42,0.83
2010-06-01,217.199,9.4,0.18,3.2,0.72
2010-07-01,217.605,9.4,0.18,3.01,0.62
2010-08-01,217.923,9.5,0.19,2.7,0.52
2010-09-01,218.275,9.5,0.19,2.65,0.48
2010-10-01,219.035,9.4,0.19,2.54,0.38
2010-11-01,219.59,9.8,0.19,2.76,0.45
2010-12-01,220.472,9.3,0.18,3.29,0.62
2011-01-01,221.187,9.1,0.17,3.39,0.61
2011-02-01,221.898,9.0,0.16,3.58,0.77
2011-03-01,223.046,9.0,0.14,3.41,0.7
2011-04-01,224.093,9.1,0.1,3.46,0.73
2011-05-01,224.806,9.0,0.09,3.17,0.56
2011-06-01,224.806,9.1,0.09,3.0,0.41
2011-07-01,225.395,9.0,0.07,3.0,0.41
2011-08-01,226.106,9.0,0.1,2.3,0.23
2011-09-01,226.597,9.0,0.08,1.98,0.21
2011-10-01,226.75,8.8,0.07,2.15,0.28
2011-11-01,227.169,8.6,0.08,2.01,0.25
2011-12-01,227.223,8.5,0.07,1.98,0.26
2012-01-01,227.842,8.3,0.08,1.97,0.24
2012-02-01,228.329,8.3,0.1,1.97,0.28
2012-03-01,228.807,8.2,0.13,2.17,0.34
2012-04-01,229.187,8.2,0.14,2.05,0.29
2012-05-01,228.713,8.2,0.16,1.8,0.29
2012-06-01,228.524,8.2,0.16,1.62,0.29
2012-07-01,228.59,8.2,0.16,1.53,0.25
2012-08-01,229.918,8.1,0.13,1.68,0.27
2012-09-01,231.015,7.8,0.14,1.72,0.26
2012-10-01,231.638,7.8,0.16,1.75,0.28
2012-11-01,231.249,7.7,0.16,1.65,0.27
2012-12-01,231.221,7.9,0.16,1.72,0.26
2013-01-01,231.679,8.0,0.14,1.91,0.27
2013-02-01,232.937,7.7,0.15,1.98,0.27
2013-03-01,232.282,7.5,0.14,1.96,0.26
2013-04-01,231.797,7.6,0.15,1.76,0.23
2013-05-01,231.893,7.5,0.11,1.93,0.25
2013-06-01,232.445,7.5,0.09,2.3,0.33
2013-07-01,232.9,7.3,0.09,2.58,0.34
2013-08-01,233.456,7.2,0.08,2.74,0.36
2013-09-01,233.544,7.2,0.08,2.81,0.4
2013-10-01,233.669,7.2,0.09,2.62,0.34
2013-11-01,234.1,6.9,0.08,2.72,0.3
2013-12-01,234.719,6.7,0.09,2.9,0.34
2014-01-01,235.288,6.6,0.07,2.86,0.39
2014-02-01,235.547,6.7,0.07,2.71,0.33
2014-03-01,236.028,6.7,0.08,2.72,0.4
2014-04-01,236.468,6.2,0.09,2.71,0.42
2014-05-01,236.918,6.3,0.09,2.56,0.39
2014-06-01,237.231,6.1,0.1,2.6,0.45
2014-07-01,237.498,6.2,0.09,2.54,0.51
2014-08-01,237.46,6.1,0.09,2.42,0.47
2014-09-01,237.477,5.9,0.09,2.53,0.57
2014-10-01,237.43,5.7,0.09,2.3,0.45
2014-11-01,236.983,5.8,0.09,2.33,0.53
2014-12-01,236.252,5.6,0.12,2.21,0.64
2015-01-01,234.747,5.7,0.11,1.88,0.55
2015-02-01,235.342,5.5,0.11,1.98,0.62
2015-03-01,235.976,5.4,0.11,2.04,0.64
2015-04-01,236.222,5.4,0.12,1.94,0.54
2015-05-01,237.001,5.6,0.12,2.2,0.61
2015-06-01,237.657,5.3,0.13,2.36,0.69
2015-07-01,238.034,5.2,0.13,2.32,0.67
2015-08-01,238.033,5.1,0.14,2.17,0.7
2015-09-01,237.498,5.0,0.14,2.17,0.71
2015-10-01,237.733,5.0,0.12,2.07,0.64
2015-11-01,238.017,5.1,0.12,2.26,0.88
2015-12-01,237.761,5.0,0.24,2.24,0.98
2016-01-01,237.652,4.8,0.34,2.09,0.9
2016-02-01,237.336,4.9,0.38,1.78,0.73
2016-03-01,238.08,5.0,0.36,1.89,0.88
2016-04-01,238.992,5.1,0.37,1.81,0.77
2016-05-01,239.557,4.8,0.37,1.81,0.82
2016-06-01,240.222,4.9,0.38,1.64,0.73
2016-07-01,240.101,4.8,0.39,1.5,0.67
2016-08-01,240.545,4.9,0.4,1.56,0.74
2016-09-01,241.176,5.0,0.4,1.63,0.77
2016-10-01,241.741,4.9,0.4,1.76,0.84
2016-11-01,242.026,4.7,0.41,2.14,0.98
2016-12-01,242.637,4.7,0.54,2.49,1.2
2017-01-01,243.618,4.7,0.65,2.43,1.21
2017-02-01,244.006,4.6,0.66,2.42,1.2
2017-03-01,243.892,4.4,0.79,2.48,1.31
2017-04-01,244.193,4.4,0.9,2.3,1.24
2017-05-01,244.004,4.4,0.91,2.3,1.3
2017-06-01,244.163,4.3,1.04,2.19,1.34
2017-07-01,244.243,4.3,1.15,2.32,1.37
2017-08-01,245.183,4.4,1.16,2.21,1.34
2017-09-01,246.435,4.3,1.15,2.2,1.38
2017-10-01,246.626,4.2,1.15,2.36,1.55
2017-11-01,247.284,4.2,1.16,2.35,1.7
2017-12-01,247.805,4.1,1.3,2.4,1.84
2018-01-01,248.859,4.0,1.41,2.58,2.03
2018-02-01,249.529,4.1,1.42,2.86,2.18
2018-03-01,249.577,4.0,1.51,2.84,2.28
2018-04-01,250.227,4.0,1.69,2.87,2.38
2018-05-01,250.792,3.8,1.7,2.98,2.51
2018-06-01,251.018,4.0,1.82,2.91,2.53
2018-07-01,251.214,3.8,1.91,2.89,2.61
2018-08-01,251.663,3.8,1.91,2.89,2.64
2018-09-01,252.182,3.7,1.95,3.0,2.77
2018-10-01,252.772,3.8,2.19,3.15,2.86
2018-11-01,252.594,3.8,2.2,3.12,2.86
2018-12-01,252.767,3.9,2.27,2.83,2.68
2019-01-01,252.561,4.0,2.4,2.71,2.54
2019-02-01,253.319,3.8,2.4,2.68,2.5
2019-03-01,254.277,3.8,2.41,2.57,2.41
2019-04-01,255.233,3.7,2.42,2.53,2.34
2019-05-01,255.296,3.6,2.39,2.4,2.21
2019-06-01,255.213,3.6,2.38,2.07,1.81
2019-07-01,255.802,3.7,2.4,2.06,1.84
2019-08-01,256.036,3.6,2.13,1.63,1.57
2019-09-01,256.43,3.5,2.04,1.7,1.65
2019-10-01,257.155,3.6,1.83,1.71,1.55
2019-11-01,257.879,3.6,1.55,1.81,1.61
2019-12-01,258.63,3.6,1.55,1.86,1.61
2020-01-01,259.127,3.6,1.55,1.76,1.52
2020-02-01,259.25,3.5,1.58,1.5,1.33
2020-03-01,258.076,4.4,0.65,0.87,0.45
2020-04-01,256.032,14.8,0.05,0.66,0.22
2020-05-01,255.802,13.2,0.05,0.67,0.17
2020-06-01,257.042,11.0,0.08,0.73,0.19
2020-07-01,258.352,10.2,0.09,0.62,0.15
2020-08-01,259.316,8.4,0.1,0.65,0.14
2020-09-01,259.997,7.8,0.09,0.68,0.13
2020-10-01,260.319,6.9,0.09,0.79,0.15
2020-11-01,260.911,6.7,0.09,0.87,0.17
2020-12-01,262.045,6.7,0.09,0.93,0.14
2021-01-01,262.687,6.4,0.09,1.08,0.13
2021-02-01,263.579,6.2,0.08,1.26,0.12
2021-03-01,264.961,6.1,0.07,1.61,0.15
2021-04-01,266.614,6.1,0.07,1.64,0.16
2021-05-01,268.383,5.8,0.06,1.62,0.16
2021-06-01,270.654,5.9,0.08,1.52,0.2
2021-07-01,271.903,5.4,0.1,1.32,0.22
2021-08-01,272.676,5.1,0.09,1.28,0.22
2021-09-01,273.91,4.7,0.08,1.37,0.24
2021-10-01,276.55,4.5,0.08,1.58,0.39
2021-11-01,278.919,4.1,0.08,1.56,0.51
2021-12-01,280.845,3.9,0.08,1.47,0.68
2022-01-01,282.543,4.0,0.08,1.76,0.98
2022-02-01,284.5,3.9,0.08,1.93,1.44
2022-03-01,287.674,3.7,0.2,2.13,1.91
2022-04-01,288.561,3.7,0.33,2.75,2.54
2022-05-01,291.298,3.6,0.77,2.9,2.62
2022-06-01,294.957,3.6,1.21,3.14,3.0
2022-07-01,294.913,3.5,1.68,2.9,3.04
2022-08-01,295.097,3.6,2.33,2.9,3.25
2022-09-01,296.349,3.5,2.56,3.52,3.86
2022-10-01,298.007,3.6,3.08,3.98,4.38
2022-11-01,298.786,3.6,3.78,3.89,4.5
2022-12-01,298.832,3.5,4.1,3.62,4.29
2023-01-01,300.42,3.5,4.33,3.53,4.21
2023-02-01,301.45,3.6,4.57,3.75,4.53
2023-03-01,301.821,3.5,4.65,3.66,4.3
2023-04-01,302.845,3.4,4.83,3.46,4.02
2023-05-01,303.334,3.6,5.06,3.57,4.13
2023-06-01,304.014,3.6,5.08,3.75,4.64
2023-07-01,304.609,3.5,5.12,3.9,4.83
2023-08-01,306.082,3.7,5.33,4.17,4.9
2023-09-01,307.276,3.7,5.33,4.38,5.02
2023-10-01,307.696,3.9,5.33,4.8,5.07
2023-11-01,308.148,3.7,5.33,4.5,4.88
2023-12-01,308.741,3.8,5.33,4.02,4.46
2024-01-01,309.698,3.7,5.33,4.06,4.32
2024-02-01,310.967,3.9,5.33,4.21,4.54
2024-03-01,312.345,3.9,5.33,4.21,4.59
2024-04-01,313.023,3.9,5.33,4.54,4.87
2024-05-01,313.175,3.9,5.33,4.48,4.86
2024-06-01,313.044,4.1,5.33,4.31,4.74
2024-07-01,313.569,4.2,5.33,4.25,4.5
2024-08-01,314.062,4.2,5.33,3.87,3.97
2024-09-01,314.732,4.1,5.13,3.72,3.62
2024-10-01,315.631,4.1,4.83,4.1,3.97
2024-11-01,316.528,4.2,4.64,4.36,4.26
2024-12-01,317.604,4.1,4.48,4.39,4.23
2025-01-01,318.961,4.0,4.33,4.63,4.27
2025-02-01,319.679,4.2,4.33,4.45,4.21
2025-03-01,319.785,4.2,4.33,4.28,3.97
2025-04-01,320.302,4.2,4.33,4.28,3.78
2025-05-01,320.62,4.3,4.33,4.42,3.92
2025-06-01,321.435,4.1,4.33,4.38,3.89
2025-07-01,322.169,4.3,4.33,4.39,3.88
2025-08-01,323.291,4.3,4.33,4.26,3.7
2025-09-01,324.245,4.4,4.22,4.12,3.57
2025-10-01,,,4.09,4.06,3.52
2025-11-01,325.063,4.5,3.88,4.09,3.55
2025-12-01,326.031,4.4,3.72,4.14,3.5
2026-01-01,326.588,4.3,3.64,4.21,3.54
2026-02-01,327.46,4.4,3.64,4.13,3.47
